sample_id,cluster_label
SRR3593218,1
SRR3593219,1
SRR3593220,1
SRR3593221,1
SRR3593222,1
SRR3593223,1
SRR3593224,1
SRR3593225,1
SRR3593226,1
SRR3593227,1
SRR3593228,1
SRR3593229,1
SRR3593230,1
SRR3593231,1
SRR3593232,1
SRR3593233,1
SRR3593234,1
SRR3593236,1
SRR3593237,1
SRR3593238,1
SRR3593239,1
SRR3593240,1
SRR3593241,1
SRR3593242,1
SRR3593243,1
SRR3593244,1
SRR3593245,1
SRR3593246,1
SRR3593247,1
SRR3593248,1
SRR3593249,1
SRR3593250,1
SRR3593251,1
SRR3593252,1
SRR3593253,1
SRR3593254,1
SRR3593256,1
SRR3593257,1
SRR3593258,1
SRR3593260,1
SRR3593261,1
SRR3593262,0
SRR3593263,0
SRR3593264,1
SRR3593265,1
SRR3593266,1
SRR3593267,1
SRR3593268,1
SRR3593269,1
SRR3593270,1
SRR3593271,1
SRR3593272,1
SRR3593273,1
SRR3593274,1
SRR3593275,1
SRR3593276,1
SRR3593277,1
SRR3593278,1
SRR3593279,1
SRR3593280,1
SRR3593281,1
SRR3593282,1
SRR3593283,1
SRR3593284,1
SRR3593285,1
SRR3593286,1
SRR3593287,1
SRR3593288,1
SRR3593289,1
SRR3593290,1
SRR3593291,1
SRR3593292,1
SRR3593293,1
SRR3593294,1
SRR3593295,1
SRR3593296,1
SRR3593297,1
SRR3593298,1
SRR3593299,1
SRR3593300,1
SRR3593301,1
SRR3593306,1
SRR3593307,1
SRR3593308,1
SRR3593309,1
SRR3593310,1
SRR3593311,1
SRR3593312,1
SRR3593313,1
SRR3593314,1
SRR3593315,1
SRR3593316,1
SRR3593317,1
SRR3593318,0
SRR3593319,0
SRR3593320,0
SRR3593321,0
SRR3593322,0
SRR3593323,0
SRR3593324,0
SRR3593325,0
SRR3593326,0
SRR3593327,0
SRR3593328,0
SRR3593329,0
SRR3593330,1
SRR3593331,1
SRR3593332,1
SRR3593333,1
SRR3593334,1
SRR3593335,1
SRR3593336,1
SRR3593337,1
SRR3593338,1
SRR3593339,1
SRR3593340,1
