GeneName,SRR3593218,SRR3593219,SRR3593220,SRR3593221,SRR3593222,SRR3593223,SRR3593224,SRR3593225,SRR3593226,SRR3593227,SRR3593228,SRR3593229,SRR3593230,SRR3593231,SRR3593232,SRR3593233,SRR3593234,SRR3593236,SRR3593237,SRR3593238,SRR3593239,SRR3593240,SRR3593241,SRR3593242,SRR3593243,SRR3593244,SRR3593245,SRR3593246,SRR3593247,SRR3593248,SRR3593249,SRR3593250,SRR3593251,SRR3593252,SRR3593253,SRR3593254,SRR3593256,SRR3593257,SRR3593258,SRR3593260,SRR3593261,SRR3593262,SRR3593263,SRR3593264,SRR3593265,SRR3593266,SRR3593267,SRR3593268,SRR3593269,SRR3593270,SRR3593271,SRR3593272,SRR3593273,SRR3593274,SRR3593275,SRR3593276,SRR3593277,SRR3593278,SRR3593279,SRR3593280,SRR3593281,SRR3593282,SRR3593283,SRR3593284,SRR3593285,SRR3593286,SRR3593287,SRR3593288,SRR3593289,SRR3593290,SRR3593291,SRR3593292,SRR3593293,SRR3593294,SRR3593295,SRR3593296,SRR3593297,SRR3593298,SRR3593299,SRR3593300,SRR3593301,SRR3593306,SRR3593307,SRR3593308,SRR3593309,SRR3593310,SRR3593311,SRR3593312,SRR3593313,SRR3593314,SRR3593315,SRR3593316,SRR3593317,SRR3593318,SRR3593319,SRR3593320,SRR3593321,SRR3593322,SRR3593323,SRR3593324,SRR3593325,SRR3593326,SRR3593327,SRR3593328,SRR3593329,SRR3593330,SRR3593331,SRR3593332,SRR3593333,SRR3593334,SRR3593335,SRR3593336,SRR3593337,SRR3593338,SRR3593339,SRR3593340,log2FC,p-value
ACAN,1.3972748467935125,1.4948548442134957,1.407432478861196,1.371138932389825,1.6178346512027262,1.5040283902861784,1.6504126573907034,1.6462291542811605,1.6356495085784755,1.7876586595203126,1.7574799388975817,1.6660588134333307,1.764531020716135,4.8443151839954774,4.7816572039886704,2.4365374112015625,2.239447387239767,2.24935511902767,1.9961851175666396,6.0003483843703425,5.522384705342964,2.012990144766024,1.7301199665535383,5.05119205408632,4.9140657218977495,4.922265084003553,5.074481999732652,5.164591574754985,4.933266342672427,5.000473942775156,3.0109465062985996,1.9567655805491238,1.9791044017060233,2.417232643715355,2.7313437837948364,2.2740017421169307,2.1778840161257524,2.01103192165366,1.81937347446978,2.500468791466661,2.4692850930005226,5.70320031232875,5.751132776036956,2.2346460512212873,2.050214481836745,1.5721392663765839,2.4458981684549337,2.512777095975538,2.5846654276210375,1.7082252315818702,1.7941908046949018,1.777750158783284,1.774859389780925,1.801397923972999,1.764649776495215,2.217517043095021,2.3588751847792127,2.094908806993571,2.0794800979264156,2.1152349509159944,2.0849907515312225,2.037077227637306,1.9318871708756995,2.098212884261521,2.0970044072213865,1.9403580661285513,1.9536293753797394,3.0673571799053287,3.166218376334042,3.0291755741453033,2.926444023378777,3.303483380117894,3.354478216690792,3.4786275239652196,3.403336665846124,3.509925819842203,3.136134721018279,3.3402699308759733,3.4047207170199103,3.321949200914465,3.431864563431673,3.284569775995582,3.2183627210424057,2.969105206409,2.9364575968611977,3.1343623968046117,3.3085263459035184,2.944846207204099,3.0062209415348766,3.1833788390227324,3.0215777853610155,3.0225150126368225,3.031449306736409,5.909838498306288,5.873676612551969,5.858301437001052,5.78089817647614,5.727155169395165,5.824710870795868,5.70748366661834,5.716844619497695,5.765257165319896,5.765257165319896,5.765257165319896,5.751132776036956,1.5727620352942981,1.4823947625567615,1.6133406541515352,1.5301255484772243,1.4284709156389217,1.3879089970436014,5.691483396023545,5.654300394398965,5.650317818736319,5.770487938619016,5.683314338812852,1.2011910091552522,1.9292046504060606e-05
ACTG2,1.7493303299634826,1.791561867461743,1.7229903983733557,1.777750158783284,1.6691905477949915,1.1793976464543123,1.262982484853027,1.6640677408578175,1.6137491438279807,1.6607158638168853,1.6408358255279236,1.6348127257493135,1.7523472316633126,4.04801909132258,4.020799689547431,1.4152036041308402,1.4701018416905358,1.6312250145734377,1.5576666626061646,5.148239428889298,4.9451450557099275,1.6235595721625167,1.7239816087566433,4.568090241751303,4.636466975169165,4.522607216425715,4.586164279634149,4.628198291192575,4.57264961304635,4.644227372523518,1.708532963833705,1.5324619756991538,1.5526816907170717,1.645838180484548,1.6276871271827031,1.540806517521975,3.150086811742846,1.6673058026052296,1.8017323299822792,1.7725675570922133,1.5583574913048102,6.48183466831864,6.425899435761419,3.114634269681884,3.2325341518418975,1.4359358708540875,1.7017673929040915,1.6085838219696729,1.5587843256399532,1.6271646286375394,1.5081686533991163,1.542884577538594,1.482899332570217,1.552582832312278,1.4401851846890055,1.4740190238693882,1.5580737168434213,1.5431777081567046,1.6064709607086884,1.5095663058752011,1.550697216857016,2.9384500299026715,2.9667526196494154,2.9116688662903454,2.9041942985951077,2.9315943601217773,2.955912171564298,1.7747496479837344,1.8327170863061615,1.8072207742998516,1.7633003617662684,1.76947574566113,1.7149418995870411,1.7475376255118555,1.6943516334269169,1.8429127967301955,1.7584630376934902,1.81213637486136,1.7041105533174985,1.882717383126865,1.8686236415710622,1.797271337670282,1.7785740021786287,1.803100472510381,1.805037726748479,1.7780960837831004,1.8185891495528532,1.8296195351136475,1.8637036149353834,1.8554443018661926,1.7762915120983105,1.8384962347504243,1.8524918161241124,6.526081739564961,6.526081739564961,6.526081739564961,6.516644570514123,6.526081739564961,6.53650132529077,6.490788462018534,6.490788462018534,6.490788462018534,6.490788462018534,6.490788462018534,6.490788462018534,1.4541513774444979,1.4859164737392665,1.5215907981935368,1.5277942641715487,1.3542145001971662,1.379408916908735,4.272279963576776,4.298900978416034,4.321408529924497,4.302358694278788,4.337674003521047,1.710815228524916,5.980032244839007e-08
AQP1,3.402528197309394,3.50210030493201,3.426681900848053,3.6023435226284337,3.6101433679458044,3.7873834744798254,3.7021283635823283,3.6989753098008085,3.659502759032409,3.794006465770777,3.6635608599858345,3.8291977857043364,3.8188100118912796,5.562317614257877,5.55539712125607,2.5690036941366174,2.5691969135783834,3.2676914681339926,3.1060455853233013,5.847914149562382,5.8089509130766865,2.5075695073259525,2.36215809528632,5.830551087123482,5.873676612551969,5.847914149562382,5.813978722477329,5.798963167911016,5.873676612551969,5.770487938619016,2.913758129745839,2.7582276309362204,2.8102285926523694,2.7429148448054566,2.908423594427342,3.199953337065137,3.736697213656705,3.705382967547381,3.763188059591536,2.869036127637308,2.9620040767867213,5.597936033698811,5.650317818736319,3.7379787110794345,3.7665957453395102,3.4240613581661563,3.0256587769761585,3.2123532127119288,3.426681900848053,3.0660498990756633,3.0034738030241566,2.9131489391678005,3.020306066635939,2.8679333879558913,3.0875668328500163,3.302222043796951,3.3470557442269677,3.3616490228404117,3.25282637547394,3.3215582425556995,3.2503836658820626,3.617580802723462,3.685023686640051,3.675461815480146,3.6220818361563243,3.607356867454882,3.669883674125043,2.973330652072246,3.0647405552906344,2.947122409183323,3.0381487611037836,3.012487060563849,2.9760121092195706,2.991918021128171,3.0169591552774038,3.095910525374512,2.9730149829250947,2.9405746339117367,2.997937438092355,2.2639234481826525,2.2028663158311597,2.393033052157155,2.20902261922105,2.3586999593105014,2.3578051783982534,2.2855782263662894,2.2819299246304388,2.3355517829444983,2.4379919736269775,2.4079262600244533,2.342790558387385,2.4860227545413824,2.495602805064491,5.78089817647614,5.847914149562382,5.8531166836452275,5.7899855786141,5.824710870795868,5.770487938619016,5.722023083269782,5.741941241360713,5.691483396023545,5.683314338812852,5.699336146900393,5.7466695513727695,3.7873834744798254,3.8181332578051634,3.7980931693675313,3.7133740992555717,3.7757063243561655,3.751198838990993,5.215102754474845,5.198185655054084,5.221010373232251,5.224074778615806,5.23236873836439,1.5259340089096005,2.4690471963717583e-13
CNN1,2.640474391284982,2.5833452078976116,2.503732324086477,2.5574173421651145,2.5251762008358254,1.6999311033139586,1.7432798241765632,2.3856274469487926,2.351884949558038,2.3126797697016555,2.3973439302671773,2.2352308791093374,2.3338878231395848,3.812288793560779,3.745309153609201,1.8184802268172011,1.8085948539837435,2.378210326826006,1.6610244243869698,4.815390800881923,4.598958810732383,2.5885659028405237,2.6277416742665163,4.2192238239519,4.228046546925552,4.2394457912294286,4.10742169882286,4.0395974794682425,4.149076380945891,4.17719799701372,3.858535787903633,2.311214065963174,2.3052865528119275,2.4046998121058234,2.538258542631188,2.3080329960496484,3.099260337375153,2.4681564029889764,2.492462239292383,2.3599000669203223,2.3297094832819285,6.075052632407911,6.121640487955031,3.1772410748123336,3.1205207932815267,1.7143989505325326,1.570717404174001,1.5766946725613462,1.6325619852090796,1.8019469517759683,1.8638212401429979,1.7993945456496374,1.8400364401275124,1.8401459179282864,1.8400364401275124,1.8034383965980945,1.7800153299629413,1.7610409822265434,1.705812862382932,1.673858880115569,1.8184802268172011,3.149726036542908,3.0507501611807286,3.1170061384123104,3.0969506619568055,3.177650658291907,3.135421371097933,3.9073866964665145,3.906599417620391,3.9466078947428973,3.832680349147988,3.942156909969039,3.930636547271742,3.987440937061309,3.9822053847866408,4.023175992538074,3.925852558939668,4.048950290557066,3.986615673563422,2.8254250418628652,2.7083278218440143,2.6629426134692364,2.608640533665863,2.64502341306285,2.5911447305138324,2.6376401836429095,2.531596265990192,2.7759271266313186,2.7732451738295594,2.734219838113039,2.8441441399504135,2.875411914238636,2.859445761004565,6.2079335801515825,6.200541083897832,6.192992128206765,6.200541083897832,6.192992128206765,6.200541083897832,6.249876442537296,6.230370067426352,6.222845563607879,6.215288389632821,6.2079335801515825,6.2399155467995016,1.8995726855769628,1.9490496842484268,1.8650089645249115,1.938857879830066,1.8721701430723923,1.966884920814048,4.534033812081917,4.552733158049425,4.565026082120547,4.565026082120547,4.554243608860748,1.0194495298520136,6.76841298290659e-05
COXFA4L2,1.5565837780732135,1.5185264519690878,1.5099541871390134,1.5706237717719431,1.5548061820366839,1.549478547156661,1.5430786012410613,2.429736909655476,2.372130509311247,2.2672922969765534,2.2703738860404665,2.3220123170696207,2.3694234164312924,4.140017102485606,4.115493804280193,1.695197175356472,1.7104856094630925,1.7814873827184454,1.6063611784673417,5.03895551945337,4.694712442504253,1.9492957091701764,1.9256097387403017,4.583271714425386,4.618423358167821,4.571076440259565,4.589472210806804,4.555867744635808,4.597343242458019,4.6124366554493665,3.422299107029175,1.8406124936260306,1.852852802820248,1.8600269736355124,1.8599005779047562,1.749105854741241,1.9506342199075857,2.194361145334202,2.3025658658630332,1.8653615914912798,1.8510018928915002,5.167241319417384,5.114278246102625,1.9517808676726247,1.9522817790951683,1.3898935962418668,1.5678829291375382,1.5964082339554477,1.6377518436392284,1.4435184549903988,1.6273632855746765,1.634386907041335,1.6102376549721726,1.6485129288737654,1.7146193748325564,1.4760566459958766,1.540193811542751,1.5721392663765839,1.4786790938822014,1.4717932509575316,1.5809546119017057,1.8317654950173463,1.825121741993799,1.922308025360895,1.8164897696674973,1.807441525424386,1.882476221466856,3.472950381832054,3.492714719562316,3.5354581909987934,3.519093000981607,3.4473817617774034,3.444005654141052,3.782404297070915,3.6943404343012354,3.7551563951997333,3.7792669789901523,3.8173925298349327,3.6967285867952806,1.884319382158125,2.050214481836745,1.812016284516123,1.807441525424386,1.80297984443668,1.8342869161832784,1.8853667711769053,1.8626521068175872,1.8147831956611409,1.7650935067368423,1.8450189363346146,1.7723473677622543,1.7067149792811176,1.7732697680995846,5.316844906529625,5.323158855322021,5.362021510049295,5.338828080283075,5.329381119371809,5.320002096043355,5.005146789561341,5.000473942775156,5.02652055820951,4.977391966256448,4.966145287896397,5.023900356429178,1.6441238621053924,1.6979055607521278,1.7052635037966524,1.8488583016047204,1.694986492833126,1.7375343166766692,4.496965866964739,4.502665223295985,4.478142592365873,4.519185257708811,4.4565956342077815,1.2238333341534613,6.258937032159514e-07
DDX3Y,3.50210030493201,3.526102709339476,3.7200170316818837,3.6441769453563375,3.7545479195727935,3.2992113915025247,3.2532192380407445,3.393843361792631,3.4038028177330975,3.427129789136571,3.3574457463010816,3.343218546187313,3.336885837832595,1.1613719538329759,1.1732762857068695,3.6856858668941754,3.574197634104976,0.4955323660099602,0.5958426969043824,0.5365339969608997,0.0807452597188788,3.3621436678247396,3.327870260648937,0.7762786989783028,1.222215698373861,1.2272159484622176,0.2745210992190255,0.2743826657639913,1.065060050050071,0.2742328700890113,3.468578788004808,0.8942362936041822,0.9847023374047534,0.9682811225914052,1.1148743313031435,0.5832349257368639,0.9066374595582066,0.06926020591752148,0.0903841342679857,0.6181956115770815,1.2248336216403664,0.0990883159132344,0.9418925515605762,0.9303385147193549,0.9535911415465622,3.4469068487332017,0.6014469588173691,0.5067514870793486,0.05711009081936857,3.142707363868471,3.119896274584226,2.985155226322205,3.2003291303181087,3.196545106998176,3.076522692823692,3.318731250534458,3.465766551885856,3.287022328422694,3.2849932414248575,3.3787479292914973,3.3733268251021267,0.8313613869257271,0.12637340895759544,0.12742821903852,1.2381071587680519,1.0374113219446879,0.5836673626195867,3.5161066237250127,3.6220818361563243,3.628307960697494,3.6356316874669328,3.5266674685080144,3.7551563951997333,3.231332935557296,3.389878168796494,3.389878168796494,3.3508428320664425,3.29237062721639,3.3562635538682444,3.453486489340334,3.3995775743663526,3.474410284189497,3.3314571437002165,3.465766551885856,3.4680991540248303,3.428521088270245,3.466711292703892,3.5150644445247994,3.50210030493201,3.428032623412335,3.5161066237250127,3.46442950907516,3.6238605686942025,0.9654611303096517,0.9617619851424344,0.19096649185849912,1.5725495441049968,1.423374891611887,0.9629330117942436,0.1669258876606916,0.8496127478526749,0.1673676699145658,0.8767964068798162,0.9737056059634406,1.2979146292422499,0.9745478780604143,1.0621531277838885,0.9070248683667387,1.0988116254981641,1.0305327667943693,1.1139113349588357,3.1864018321791807,3.193898816743112,3.347489285806785,3.048245319641911,3.197679078301181,-1.1140044444550912,4.190461395657265e-06
IGFBP2,1.3954175437423715,1.372686693289871,1.4415993988153037,1.5075019934816174,1.3157500180901573,1.5378211894549854,1.5870997049473652,1.808119864897099,1.7745164992320617,1.7940911590433881,1.811216965723266,1.7591488184039092,1.8286748577409957,4.200618574924277,4.167127106606425,1.5059381524550772,1.5122539637347165,1.4459517660477297,2.023693460672329,5.126665473767098,4.668812783201133,1.674474612810742,1.6619799283805339,4.513137043015054,4.444083700303537,4.467442459317809,4.431398053624925,4.507349853744572,4.487055487915742,4.538442777664435,1.9890668257420292,1.421661846309907,1.4197592098334408,1.418517000198424,1.5481026250051968,1.480512060708726,2.6277416742665163,1.5969002108883263,1.608882553461278,1.526774418252679,1.5981275208627876,4.508906056357318,4.432755398853434,2.4370709345155723,2.3506725660265473,1.600277586564855,2.2369556734102707,2.0783994981824336,2.2222663546430375,1.6596528279673055,1.7173987462078544,1.6928411705439554,1.7059229140719645,1.701870792226413,1.7044672048379934,2.192253784340156,2.1142934531302795,2.0669135629694297,2.2416771865626473,2.1949971994700164,2.123520844227322,2.172914210211634,2.171324021105967,2.243242021275087,2.2190291930865578,2.3175468788380753,2.2441341440313076,2.0265194726341758,2.0045373648371334,2.0197010963655924,1.999673549656961,2.007893269140598,2.0010622861553014,2.116907536221785,2.1023377109723405,2.138420209770694,2.242794522619749,2.112786266558616,2.2358462771799914,1.8180188434936266,1.8247761690779132,1.6395591133186314,1.7641900089277243,1.7740585972029803,1.7584630376934902,1.754767174753097,1.8059830306938511,1.6918973260269123,1.6412502920944982,1.6500967906261081,1.7227836973761024,1.6848791534219671,1.6898795758031018,4.882589961593741,4.813522510092596,4.79712045565466,4.793577468391246,4.819111672136169,4.86485971241121,4.266180304721866,4.2735688850274425,4.237356833352822,4.27711488469013,4.232629925428542,4.2673356490951235,1.7395222179228473,1.7682342034593515,1.7612614629540158,1.7725675570922133,1.7433899926662382,1.7384142144527706,3.2660961827585417,3.3407404219978383,3.214660315035383,3.335669035266448,3.2571179846937537,1.130262309367711,8.325035644004705e-08
ITIH5,1.4653037314313047,1.4512701971696866,1.4234720599195057,1.4309373858083938,1.4188015195216657,1.6755565764541491,1.6353186736595666,1.5169714262246319,1.5609979917470984,1.6005865708757008,1.523190916341941,1.5670640576580437,1.6402036127872397,3.2777219083662317,3.204057326869741,1.421930081829133,1.5640604501622075,1.6996173841593614,1.7237601298448704,3.6741264253848676,3.638588462826201,1.4611198981245876,1.3959685078279835,3.3314571437002165,3.1826248209238495,3.4181453916424696,3.3777986367746404,3.294499577282052,3.2745230138847,3.455045371749513,1.5266726802612964,1.5352057108747703,1.4457652880142866,1.5701085354779118,1.5706237717719431,1.7557764642568776,2.2546007813567988,1.7558935880167448,1.7604883846220187,1.6381803093825467,1.5947904065752803,4.485567384929064,4.505784003672614,2.280768422650426,2.2043902689831145,1.656233271421583,1.6087836565295368,1.6862589496267766,1.6448591443645657,1.622331987897178,1.7268673179957184,1.648282935951338,1.7048235112017815,1.6420771342293785,1.6375437153651362,1.4899054295791052,1.3298082774718303,1.4019975469421198,1.494562723417011,1.2027095104076366,1.57030992707819,2.1659673851323906,2.116639560938556,2.0794800979264156,2.092708096226779,2.1236756248808915,2.060966116297146,1.4281944354467055,1.437254204366089,1.5089691487960297,1.6500967906261081,1.497975025414189,1.4967938496376498,1.4704064725865325,1.5295285538481644,1.5519032834507767,1.4636818321983163,1.4909936180693104,1.5526816907170717,1.3158351018595669,1.155808757537901,0.8309257369500114,1.4672635548351582,1.101008739169296,1.1149606691802465,1.237266102704298,1.0106996348998127,1.22229957144907,0.9774165970350424,0.9300206252118685,1.0346753491863907,1.038165298622189,1.5014815933715129,4.736913874321618,4.702933788684693,4.683470382521176,4.679639254546114,4.779811782031105,4.674358910083853,4.592638763800067,4.502665223295985,4.470321775439269,4.498400198544649,4.532618563828909,4.492551420249492,1.7162942977186275,1.7624960518780206,1.6620778295295737,1.7193341331731067,1.7823956334607116,1.6850744674422928,3.2765841526404635,3.333180508053982,3.3729585514952563,3.394251901395994,3.333557592261412,1.245050032390894,8.719217790046544e-10
MYBPH,5.03895551945337,5.265001491918949,4.968349203482581,5.262170128418408,5.114278246102625,6.425899435761419,6.4060251713222165,4.719768882529757,4.679639254546114,4.624936686524548,4.592638763800067,4.6138676586625404,4.597343242458019,4.279319595169506,4.23382032624407,4.957215055418305,4.94912107735342,5.712015701045539,7.004559596590804,3.318731250534458,3.6493821891640406,5.184581590411832,5.135824334541089,3.997673526985084,4.04801909132258,4.127454697184812,4.072157248985236,4.054280843142233,4.0470556430376785,4.180337085552988,4.244528684379866,5.05119205408632,5.244079543012427,4.99164874163258,5.241075280536136,5.883862356076007,5.067565269046966,5.883862356076007,5.982968697790078,5.03653735483113,5.23809262097393,1.764531020716135,1.6801278541428784,5.104403921506937,5.175711471090062,6.290208451151363,6.290208451151363,6.333572549622422,6.6093624078365805,6.808872524241993,6.826070261682721,6.808872524241993,6.826070261682721,6.842945895141468,6.842945895141468,6.03621522106978,6.043031793150374,6.030786737841673,6.049940672588604,6.030786737841673,6.043031793150374,5.03895551945337,5.00752506219211,5.012288751194386,5.000473942775156,5.029108802490959,4.9982216811085936,4.370048676894618,4.375240058913224,4.35916227863226,4.4064609957821155,4.386440429624294,4.3963638184261296,4.644227372523518,4.569566661769066,4.603238112205284,4.58197214986117,4.618423358167821,4.631481727576369,5.089137726007456,5.106761697032352,4.959474546304208,4.97063658786177,4.983077859594903,4.961803315407796,4.947130951297292,4.968349203482581,4.980237714051463,4.9982216811085936,4.99164874163258,4.989412366887776,5.016958283625831,5.005146789561341,1.724633957307617,1.7083276540364132,1.7327053950230968,1.6669942619709952,1.6991774699802586,1.7082252315818702,1.5896566845721267,1.6092935273054985,1.5412032347011189,1.6454968073635756,1.6234578452242818,1.6353186736595666,6.490788462018534,6.507695179293773,6.507695179293773,6.48183466831864,6.490788462018534,6.472697524067467,4.441568975040232,4.444083700303537,4.44946438552932,4.511734971467166,4.485567384929064,-1.1693153519329194,4.264525494999317e-06
MYH11,1.7245242118057595,1.8521505787985202,1.5705266081316802,1.518905495430166,1.4503074825207738,1.5166742421644681,1.4898135760947195,1.6391217111286807,1.6589030131417284,1.6895429407923275,1.6382799406339599,1.6368072098685598,1.667925405578686,3.4695256273739488,3.5681918362678102,1.7351378401936999,1.5410036936196945,1.704351543023658,1.6328615470235108,4.8423749424507205,4.6005725718739265,1.5135483327398522,1.5979090226188402,3.665437323736604,3.6989753098008085,3.7867422713393664,3.665437323736604,3.6017634675364203,3.605729341021942,3.750564189235254,2.4568377821898264,1.6106441742897897,1.6709980957999562,1.6916851658194516,1.7407337827361336,1.541103343517105,2.801110115284404,1.8510018928915002,1.893576158415308,1.8882007572226407,1.7238669844382748,6.435364518340919,6.507695179293773,2.7899205429627068,2.8054997838324294,1.6351152599715992,1.6575632656909176,1.6092935273054985,1.5754483402612125,1.7531123967427373,1.7602623610078303,1.767889757739604,1.689766312269173,1.4738261828425394,1.701870792226413,1.7929481127580327,1.633758743044326,1.596703836210198,1.649783959913803,1.656623775500157,1.6229672980014251,2.744278923050814,2.5624571222839663,2.6080674931308763,2.827492676712338,2.531398379802806,2.6756993698579463,2.3592229140584147,2.3995806766699395,2.352562043592653,2.45064780406864,2.311214065963174,2.3754328884273304,2.425809353255217,2.387035514497351,2.5164124292308703,2.3564790610537085,2.378738831872562,2.410521972458146,1.7755979905711976,1.8335088985927401,1.7443712478347222,1.9342594311433068,1.6554427109888807,1.8130917608752144,1.906720290649711,1.690427233158042,1.7774046125524032,1.7432798241765632,1.9202669075589665,1.7368647047253467,1.8317654950173463,1.7126336661035442,6.472697524067467,6.435364518340919,6.435364518340919,6.435364518340919,6.443985789965422,6.443985789965422,6.548548633396221,6.560055068062568,6.526081739564961,6.569880968351775,6.516644570514123,6.507695179293773,1.6818756784254723,1.5766946725613462,1.5572672120081208,1.5260718688148212,1.7473303256441381,1.6599676430526051,5.23809262097393,5.111472666423068,5.148239428889298,5.159396109768098,5.122083162613562,1.51219332780629,7.294366521368178e-07
MYH7,3.400011132028925,3.495089626946314,3.305537249363819,3.426681900848053,3.365566320058563,6.325133107570159,6.316186435356284,5.029108802490959,5.03653735483113,5.034159736638155,5.055922889226297,4.938053758702909,4.920017730718037,3.9665384171003137,3.9690241571161433,2.72777272352074,2.693878223638408,5.469188533632082,6.472697524067467,3.0425931774980906,3.282588272015913,4.657817542486864,4.6005725718739265,3.5863745872083195,3.661769656390596,3.6935983285467002,3.618122897723203,3.573609716344449,3.581891844550592,3.6465011359451363,3.8923778293586255,4.672592920873619,4.719768882529757,4.517684222582281,4.6458649259893585,5.402895768326301,5.55539712125607,5.021410156781533,5.005146789561341,4.3117688364078335,4.3740266716618015,1.5649600556694399,1.459501161431587,5.530057355407507,5.611127164107131,6.2399155467995016,5.33565230675999,5.562317614257877,5.847914149562382,5.873676612551969,5.873676612551969,5.858301437001052,5.8531166836452275,5.8531166836452275,5.8531166836452275,5.298020837061402,5.313685209281149,5.3040682830093235,5.288874427400244,5.271087944381502,5.338828080283075,5.623717593369449,5.615497704912863,5.615497704912863,5.602272157097427,5.632769005157184,5.593496408272731,4.17617364125061,4.156168798736415,4.1608490517323515,4.217192244675033,4.130023872250745,4.152002167101616,4.122660324294818,4.0959594996322615,4.149076380945891,4.1055283757462915,4.087117996098113,4.168268660435347,4.819111672136169,4.848123186723747,4.690556155066599,4.661297688192284,4.727256065763643,4.704440784373422,4.676108568110651,4.688677105597422,4.532618563828909,4.574202257567969,4.55908152517538,4.574202257567969,4.534033812081917,4.583271714425386,1.5206823051013925,1.5098557801477899,1.559297602616517,1.5988327410248062,1.6039183992286552,1.5202857143156319,1.4441822487388416,1.3887062704290039,1.4112596669711732,1.3169852876619257,1.1470214257877989,1.4172001020780833,6.025337751482054,5.988535062850548,6.025337751482054,6.012227439310821,6.018842477797694,6.030786737841673,4.07928421767496,4.069275478585682,4.17416616196213,4.153137653059806,4.1016374879621385,-1.2207494896307494,5.951367192643336e-07
MYL11,5.355607211320855,5.473165638203112,5.250429368675864,5.4124666724850625,5.355607211320855,6.808872524241993,6.808872524241993,5.156725038869957,5.1381855283961935,5.25933714142577,5.268009237238613,5.288874427400244,5.35215839077217,5.014625436047292,5.000473942775156,5.172916740593775,5.206874575193415,6.53650132529077,6.859632184408897,4.1196964477629905,4.471790540815267,5.670414267157846,5.637255297736269,4.9310521373147,4.9310521373147,4.912003498288687,5.009908872867844,4.926683191776386,5.002766408100034,4.964011678652912,4.685134184579636,5.111472666423068,5.253704616334355,5.078805408458768,5.209724386572566,6.579656853203244,5.7466695513727695,6.6764913569641795,6.773083938991792,5.089137726007456,5.209724386572566,1.75947357062831,1.6462291542811605,5.760380201064621,5.878730986643486,6.630314854565802,6.222845563607879,6.341962775280131,6.507695179293773,6.560055068062568,6.526081739564961,6.548548633396221,6.516644570514123,6.526081739564961,6.516644570514123,6.352848670659185,6.341962775280131,6.352848670659185,6.364142322304642,6.364142322304642,6.374825988126491,5.794434077310215,5.78089817647614,5.770487938619016,5.770487938619016,5.7899855786141,5.770487938619016,4.804976078943369,4.719768882529757,4.745994603668946,4.736913874321618,4.807072865843494,4.755445559047836,4.968349203482581,4.953209567533163,4.966145287896397,4.972898161440381,4.964011678652912,4.959474546304208,5.476532779173493,5.458219047713043,5.323158855322021,5.355607211320855,5.35876824289729,5.3417541571721445,5.338828080283075,5.332469527049615,5.5025645239289664,5.461669009663473,5.491054640218506,5.50995460094574,5.473165638203112,5.487432045014852,1.6931681692265843,1.6586918213011794,1.625951828027253,1.6440180908058586,1.716409675212695,1.6233561111125974,1.5746431860533838,1.6243196373584103,1.6003831539491695,1.511354884762573,1.6182394188220017,1.4789707731521589,6.560055068062568,6.569880968351775,6.560055068062568,6.560055068062568,6.569880968351775,6.569880968351775,5.221010373232251,5.189338623588756,5.218059422982625,5.201092220480454,5.195199444510436,-1.2292084325713057,2.913985717657819e-06
NEB,5.650317818736319,5.5180103957138815,5.775900152535123,5.606659336573179,5.722023083269782,6.859632184408897,6.908021811335766,5.606659336573179,5.650317818736319,5.623717593369449,5.454257932296639,5.566088889307256,5.548656144036122,5.221010373232251,5.148239428889298,4.467442459317809,4.3603854016467505,6.374825988126491,7.067469173050328,3.887925569986934,4.502665223295985,5.458219047713043,5.545094286652487,4.463304939131558,5.164591574754985,4.8029058408028416,4.699749315751943,4.2673356490951235,4.229233030316492,4.240327900888891,4.7687863342135675,5.526226131027816,5.3040682830093235,5.533797204344918,5.265001491918949,6.443985789965422,6.088982413104882,6.352848670659185,6.4060251713222165,5.3819448741790845,5.0813923779511585,1.994365488262252,1.8787624586997849,6.133218356982567,6.177962513021841,6.773083938991792,6.664237395542679,6.8922756329569985,6.990901640956682,6.990901640956682,6.963482787205277,6.977127964849303,6.990901640956682,6.977127964849303,7.034918478172261,5.932572970840951,5.8089509130766865,5.868607069828138,5.915416428082137,5.847914149562382,5.858301437001052,6.215288389632821,6.192992128206765,6.140348077002792,6.1853849250354545,6.177962513021841,6.200541083897832,4.624936686524548,4.804976078943369,4.9982216811085936,4.629833035749866,4.848123186723747,4.817252883738318,4.495478431681051,4.504204876180147,4.467442459317809,4.536951343905244,4.72156745429119,4.536951343905244,5.135824334541089,5.133484267541752,5.247134665426546,5.124410297488979,5.133484267541752,5.250429368675864,5.229855280510596,5.2565236276694804,5.294979670887383,5.151053974532589,5.159396109768098,5.23809262097393,5.172916740593775,5.3072513594582675,1.7808012574498546,1.9982517811236433,2.0583497565078677,1.862052638473473,1.8346360063655869,1.910753686397921,2.1392542099364977,2.0451195631603865,1.951015717226081,2.0050841115620717,1.9731706806736935,1.945423900729206,6.963482787205277,6.908021811335766,6.963482787205277,6.963482787205277,6.963482787205277,6.908021811335766,4.8948320589578085,4.825066953363085,4.854140911705686,5.05119205408632,5.034159736638155,-1.010046954476663,0.0001149265291976847
NPR3,2.7533337305656618,2.8102285926523694,2.660088837165378,2.631528794168255,2.631528794168255,1.927591298954207,1.875708803649417,3.0845541762589104,3.0071816326645684,2.9286972543315324,2.9948569039597173,2.8718509306697246,2.833827947752644,4.242302815551946,4.266180304721866,2.6507414217182945,2.6807625956098353,2.304605966734578,1.928092730511128,4.487055487915742,4.594176833186252,3.302646970623779,3.29237062721639,4.333564748115117,4.341047480449141,4.460626003800212,4.223708908646924,4.289871628268873,4.385250128185983,4.405208718349654,2.7641993122411392,2.9284285305307964,2.9197185885609134,2.9565273827261875,2.779737901931219,2.2448653458482237,3.24277451481741,1.9172436880586003,1.895967861979749,2.6823423169299883,2.6578383481258605,5.863469307528206,5.898512243407629,3.1257641766347564,3.070359586084626,2.016335959627655,2.714981717121341,2.595882136215385,2.51022858938427,2.092012251319091,2.12008325808611,2.1676943296040996,2.102922177125086,2.1623529970805877,2.0957598514315876,3.29321383376943,3.3857548524729917,3.409300188950056,3.2423973470211966,3.2578883269558054,3.382203041134659,3.1012902310905464,3.084879924159382,3.1306129167654166,3.2242743531230245,3.162209071125665,3.1124087743223274,2.776904412618207,2.855239194646829,2.7899205429627068,2.7287143553558137,2.6879681047154826,2.6941131403861394,2.5272239706701414,2.6398025903784497,2.5409771279363262,2.482981360250146,2.5869468846285937,2.5213356394714648,3.3211671782217542,3.4337989795484005,3.1025899223505973,3.012487060563849,3.041622128460528,3.0256587769761585,3.0288470651678843,2.9646251200520735,3.199953337065137,3.1899706600077713,3.0647405552906344,3.2044239016353306,3.332335358943508,3.380031764536975,5.737197383745759,5.7555751516536215,5.7466695513727695,5.722023083269782,5.7555751516536215,5.775900152535123,5.858301437001052,5.830551087123482,5.847914149562382,5.836450655230198,5.824710870795868,5.858301437001052,2.29002851294092,2.4475743451478773,2.2185961865813115,2.4210688499961384,2.27833065859035,2.36215809528632,3.768500113196128,3.8517579226555614,3.8144170342946953,3.8291977857043364,3.912202861561056,1.0995811666879742,4.436785116106603e-08
RCAN1,2.617664966369572,2.6122317594591022,2.6385146536709247,2.610373032480551,2.4784644968901697,2.6258375328823704,2.6507414217182945,2.7879394972606435,2.836351451643875,2.752431004938503,2.722075422199428,2.5257454765914034,2.5246103870814056,4.020799689547431,4.0258101083414815,2.432785620859475,2.4124993528466683,2.935233749243542,3.127762016380305,4.918047554060961,4.568090241751303,2.7658054740936753,2.8264350214449108,3.9388534908773174,3.949050025970429,3.88644004024917,3.932307831057908,3.9388534908773174,3.890795146291375,3.7705409705413593,2.71149201293369,2.626471302454871,2.5576125972796615,2.499292899276782,2.4119472852544366,2.9708887265203976,2.6943389914599085,2.6941131403861394,2.7363146395252786,2.372683476270086,2.266170330353181,6.163078324333632,6.043031793150374,2.6895976545636104,2.7879394972606435,2.701146220499344,2.6934073616942795,2.6972667668097956,2.70532439344562,2.3926698939308273,2.4471815940042996,2.4054351545851502,2.409101827701926,2.4046998121058234,2.3717849259677237,2.6027215297735795,2.6402563303130933,2.640685477333091,2.6675536705056655,2.578557183738237,2.6560885591680448,2.7683394710351403,2.7512923632984587,2.7467434687425185,2.822402302269883,2.7775771495089616,2.7658054740936753,2.623128458184369,2.6560885591680448,2.7381736722796584,2.663348422537707,2.595297061428473,2.7194858714119983,2.6212077839257497,2.592026947759812,2.5846654276210375,2.5885659028405237,2.6456566050306756,2.57876599397768,2.604681078873398,2.628568657321761,2.5077585086815657,2.620770439114735,2.5193097558744717,2.6496478477124135,2.6023194590912526,2.589896960203424,2.5308136482426833,2.542537826216032,2.509450204797521,2.5151223718645372,2.6074826970402016,2.4933900762890535,5.751132776036956,5.785463378750807,5.8089509130766865,5.716844619497695,5.7466695513727695,5.78089817647614,5.765257165319896,5.765257165319896,5.751132776036956,5.760380201064621,5.78089817647614,5.765257165319896,3.0112441987613936,3.0628273000784714,3.1558247017692866,3.056481333472872,3.0780853224468956,3.0911713690632974,2.86343333800438,2.756615364018756,2.872143734054301,2.7944731990414904,2.854707398390496,1.1000331049175607,3.46792738815781e-08
RGS4,2.4344214626579497,2.413397598138407,2.4349265289509665,2.366090982471886,2.5580213175722624,1.8686236415710622,1.9307886676502428,2.8967014564611464,2.8401222328586377,2.843871681097002,2.898964809887875,3.1565478878413735,3.0905476795092515,4.735075663636619,4.7013599487960995,3.4152477871196405,3.2614477213001756,2.961437335574606,1.9391024505037349,5.1870309082265695,5.067565269046966,2.7424249769632203,2.6931782263569426,5.751132776036956,5.803965683593351,5.775900152535123,5.847914149562382,5.526226131027816,5.432218271111983,5.55882228491446,2.9821870138400453,3.0615680068429,3.142360528518017,3.1694696522477486,3.0432881783426335,2.9245063266599054,3.0845541762589104,3.2761721274921247,3.2532192380407445,3.5797730661578884,3.574197634104976,5.954604064737473,5.830551087123482,2.9033226090087294,3.351286923359721,1.937972519338852,1.9283340053140017,1.7209852138176118,1.7760481063963898,2.537883496644497,2.470943458264339,2.3080329960496484,2.3234710720258924,2.198379374130309,2.500468791466661,2.437641917973557,2.467976889980762,2.4168930567219933,2.3386742782628125,2.3802322094567967,2.5483129682635317,3.369913461089666,3.607356867454882,3.6272301845073427,3.597987709476096,3.5616783262799934,3.3566686679282363,3.1746837486977166,3.1987531027627942,3.1120342401830072,3.1396362284429644,2.9541956682402097,3.1062141160483105,3.510880311834193,3.7296182747725055,3.482181399014405,3.451506502730775,3.7757063243561655,3.614169059754354,2.7197266392037336,2.9676643092747574,3.1295839767729663,2.9800850292452923,3.10029515981306,3.2412903068974623,3.2183627210424057,3.284569775995582,3.862505564615365,3.6542082471628206,3.9590973751471243,3.8136873974395438,3.852551837064256,3.768500113196128,5.716844619497695,5.858301437001052,5.716844619497695,5.830551087123482,5.78089817647614,5.8531166836452275,6.127447034491253,6.1478225770841926,6.163078324333632,6.200541083897832,6.1478225770841926,6.109535054646872,2.386540848299365,2.3814248850353716,2.330889896837021,2.3823088881049594,2.3890558703841127,2.5664954157719193,4.261681767475498,4.140017102485606,4.253920802022571,4.171355261713138,4.139037436537135,1.06296236860174,4.0607438688860585e-06
RGS5,1.6342794390645545,1.6546091394106095,1.579331710762453,1.480692874943647,1.4246520540790215,1.6992844132801856,1.6127170275519378,1.5848472742191733,1.732341268357031,1.6974935194878735,1.7275049310786765,1.7137413715370011,1.655544351876317,3.8818564923565404,3.9396589761655205,1.6884990880489443,1.6847790391703068,1.6470559804378164,1.57513352223777,5.0316665299410275,4.980237714051463,1.836688581300972,1.8273907276482386,4.6867960700523446,4.621716466884781,4.82936360572065,4.860719312609596,4.516181624094645,4.740300092537391,4.481047066447011,1.7277159002806042,1.6415535750118246,1.582162341254399,1.7939880716083718,1.6950913266966832,1.5360147134425486,2.055192821163887,1.6372312103337285,1.6149757883768638,1.7929481127580327,1.6549220020336304,5.883862356076007,5.8937749811805205,2.035234621727815,2.22562877678643,1.5314941802885316,1.4418910517765569,1.6062554000765104,1.5155235591283671,1.5063375217976112,1.57513352223777,1.6464443827894104,1.5380197748449913,1.4852040240953832,1.6408358255279236,1.449358771231323,1.4467173985218935,1.6819878756088913,1.3809112051010444,1.732815532411693,1.6188536611652973,2.1056722188859425,1.881249152146367,1.98552544475519,2.233237240128098,2.058479852612247,1.9469324496525258,1.876737688811662,1.898236113598222,1.7693630697994311,1.8917537055803881,1.8339403118827526,1.7264254124249312,1.7794335525051341,2.004160493630914,1.8148994422203946,1.6837152727828069,1.9311435980368197,1.891088678908199,2.176567211066496,2.0398018351205636,2.0292199155721242,2.1601830768989085,2.1079836379420924,1.964574443949737,2.1682704389600964,1.989817805116344,2.137041677515016,1.9961851175666396,2.125786850923531,2.050077806282553,2.0979337190487004,2.0845591932673195,5.785463378750807,5.8937749811805205,5.836450655230198,5.798963167911016,5.785463378750807,5.727155169395165,6.006200929726427,6.0003483843703425,6.0003483843703425,5.977882205465918,5.982968697790078,5.883862356076007,1.6479814926858447,1.5717216099449536,1.4779089031310226,1.6052286851814612,1.528385579901317,1.480881911655546,3.389878168796494,3.5051918301822904,3.4133579703477666,3.5928666509983804,3.280933146384897,1.5410392862827982,3.581307626675383e-08
RPS4Y1,4.4565956342077815,4.474851038047216,4.387625923317574,4.410732704136537,4.266180304721866,4.4565956342077815,4.405208718349654,4.222500302980056,4.183568243927664,4.229233030316492,4.202585828973087,4.205932635052006,4.171355261713138,1.3143633151556462,1.2908754490517158,4.6138676586625404,4.607924036303275,0.49271345487807827,0.06462072916750065,0.06521129684918262,0.0807452597188788,4.562111137721087,4.529891552042019,0.14738518734206835,1.237266102704298,1.3666904205849768,1.2426479470428615,0.2743826657639913,1.2448988327428374,1.4498496792484974,4.621716466884781,1.3245475528148687,1.296398105555028,1.1232327814939875,1.1877440270487483,0.06754406220939038,0.05826057935737179,0.06926020591752148,0.0903841342679857,0.1062802995260768,1.3837115395410058,0.6923654872574782,0.7735181467051797,1.1929051282734073,1.1129868259190838,4.323447498966035,0.4636360784401133,0.059260215676688745,0.5080122064091004,4.0153416667152975,4.075305518596599,4.076374019963377,4.003824932077468,4.045226335945042,4.023175992538074,4.08606596552257,4.1419008171058325,4.19588614053557,4.157086556589808,4.120683283485055,4.108349444575064,1.0104600313601022,1.0768628295829445,1.073548758206663,1.0159083316699533,0.9882370702741874,0.8956892752590837,4.344662429828818,4.35916227863226,4.3495927787928235,4.368859710193996,4.367583964223637,4.381264350126883,4.402740916782632,4.401530171808301,4.329930408667774,4.367583964223637,4.334814467237213,4.320353210632575,4.216149855069085,4.24126109928524,4.044344120686674,4.043496430704989,3.933109329423669,4.0258101083414815,4.049858991546394,4.061777792242795,4.150023089682052,4.159795686912373,4.10742169882286,4.124620399679539,4.143894225224766,4.074241712503606,1.1068767591102497,0.9741723728143618,1.3714144105762942,1.101008739169296,1.2194207230163119,1.1834979084280735,1.0108571735058862,0.8711403766295536,1.0152399926081586,1.022990286991516,1.085048502276627,0.874615111604131,1.1860469453325142,1.1751872641978225,1.1996341032573787,1.2682715706803565,0.9688453095845571,0.7844334163993809,4.159795686912373,4.217192244675033,4.257410752163085,4.204848319979301,4.223708908646924,-1.3719552107285207,8.34067390129005e-06
SERPINF1,4.975103433857147,5.114278246102625,4.94912107735342,5.189338623588756,5.067565269046966,5.5180103957138815,5.491054640218506,4.598958810732383,4.628198291192575,4.522607216425715,4.58469253578739,4.654416367771531,4.639608540370204,4.0939714635447,4.04611126837919,5.069816863714142,5.102042589296878,5.124410297488979,5.391768370960443,3.561113256992193,3.594568265634751,5.50995460094574,5.402895768326301,4.000432081102903,3.8356566390509785,4.089940065183305,4.057217289196839,3.8269339956657658,4.03478231202044,4.0240631279174295,4.82936360572065,5.062956926110006,5.215102754474845,5.041561658136991,5.247134665426546,5.247134665426546,4.947130951297292,4.9428640903646714,5.094667090729116,5.10911910462394,5.229855280510596,1.9688729600096875,1.896440783785731,5.055922889226297,4.989412366887776,5.265001491918949,4.866970417517789,5.0316665299410275,5.262170128418408,5.8089509130766865,5.836450655230198,5.813978722477329,5.8089509130766865,5.818989106383537,5.8089509130766865,4.427307081547645,4.3603854016467505,4.367583964223637,4.353192909516503,4.304755308367626,4.361528966523098,4.920017730718037,4.928848215418446,4.903223226766656,4.9428640903646714,4.901071046180772,4.924508941926328,4.951166770752349,4.888855349553429,4.964011678652912,4.903223226766656,4.926683191776386,4.920017730718037,5.019194976619377,5.03653735483113,4.993842692604591,5.00752506219211,5.005146789561341,4.985155928222495,5.36870610492329,5.3417541571721445,5.229855280510596,5.1921373384733105,5.247134665426546,5.280048632774956,5.195199444510436,5.164591574754985,5.162020728125942,5.215102754474845,5.181540675219671,5.153962762516711,5.167241319417384,5.162020728125942,1.8830782262151458,1.902030390803136,1.8888026657411725,1.949776090183179,1.9464561636073179,1.9991606429995878,1.8442738254813853,1.8291348001663825,1.9494205883504674,1.8051512682785713,1.7818274991652425,1.8953938937915589,5.310490328233155,5.271087944381502,5.2565236276694804,5.29193208046422,5.29193208046422,5.310490328233155,4.445285115385256,4.464609444262844,4.434168072929323,4.457927727359789,4.487055487915742,-1.0636801256368322,1.0056936240526022e-07
SYNM,1.6349113489147782,1.582162341254399,1.5986263993090704,1.5727620352942981,1.6215304091412581,1.5416012218331425,1.5583574913048102,1.7548840387757991,1.7655472484933659,1.719677529016545,1.7374218393056047,1.723436194619499,1.7612614629540158,2.658513690424692,2.642434433157447,1.5859735460275037,1.5628473773035048,1.668241127952077,2.1192636821655317,3.028238617274891,2.9866389933619284,1.7277159002806042,1.6974935194878735,2.679870455890007,2.724665739215276,2.560825873152247,2.7228087487338137,2.662530350256542,2.786267484082012,2.6965775625853907,1.6232631214021866,1.7630542546434564,1.7727988138332513,1.77719303878016,1.7259046557133484,1.6615545784300159,2.008648100026542,1.5246929491276402,1.5791199513582717,1.7718733202564456,1.7423863586231623,4.9140657218977495,5.029108802490959,2.0553311815962076,1.9968386210055618,1.4935190674621552,1.8189196793258342,1.7288309220548512,1.825121741993799,1.9492957091701764,1.8577883253763108,1.9531212127113458,1.8999413195328347,1.9489331857760475,1.9214825528162782,1.6276871271827031,1.67088612475512,1.600786365406443,1.6004851249215832,1.5912093798087046,1.651152336841881,1.9580020251689099,1.9563712623615193,2.025177193685555,1.9639451632417306,2.016335959627655,1.9700721440841344,1.6057403615754493,1.6273632855746765,1.6152875216595584,1.611974136578638,1.674574164853028,1.6097379469672277,1.5988327410248062,1.5768964714949072,1.6374430107781448,1.6527269480619373,1.6651851344592505,1.7208687864128893,1.9653470612480177,1.8642842316034087,1.934380659126911,1.9230304888463925,1.9060645760783848,1.812753363720068,1.9071002337290706,1.9435865791977616,1.9122097589853448,1.8752457792486041,1.909707351585234,1.8566462104909134,1.897150532515701,1.8600269736355124,5.069816863714142,5.058135384955207,5.014625436047292,5.069816863714142,5.03895551945337,5.076645323621631,5.153962762516711,5.148239428889298,5.133484267541752,5.156725038869957,5.170084315007695,5.143311670066015,1.716868843094487,1.7098541147544422,1.7318828048433532,1.729249449603407,1.7181361465240017,1.7581373682322867,2.527424348380231,2.6378506000657445,2.474905024782636,2.4628586879693475,2.5058249592076103,1.0140821708195382,5.816772635149143e-07
TGM2,3.647125099183797,3.866870888246808,3.557855474918216,3.810897717380673,3.5836504518593433,2.0957598514315876,2.07488101627761,5.128926663990842,5.106761697032352,4.933266342672427,4.951166770752349,5.078805408458768,5.012288751194386,6.274377091106533,6.274377091106533,2.7324931557516416,2.749797789871344,3.4555799135811984,2.4845709392373023,6.516644570514123,6.364142322304642,4.164863547954804,4.103583058986822,6.4060251713222165,6.352848670659185,6.425899435761419,6.364142322304642,6.416186075839915,6.385181880230676,6.374825988126491,4.924508941926328,3.8632964659041726,4.0125959039581405,4.069275478585682,4.385250128185983,3.6350365976695693,5.5810632598450125,4.019032535668056,3.99244933839461,4.58469253578739,4.679639254546114,6.773083938991792,6.808872524241993,5.5810632598450125,5.5180103957138815,2.1641864272180436,2.330542329834408,2.136244470344281,2.070226343092015,3.219070368594199,3.2603037781798716,3.2423973470211966,3.306385267574043,3.148654300920757,3.1511305117884127,2.718820041681247,2.7502994491548627,2.703912236689034,2.7919396320663674,2.794218699118315,2.706018357124144,5.3072513594582675,5.268009237238613,5.316844906529625,5.25933714142577,5.25933714142577,5.271087944381502,4.938053758702909,4.926683191776386,4.975103433857147,5.000473942775156,4.968349203482581,4.961803315407796,5.282908969979321,5.268009237238613,5.25933714142577,5.271087944381502,5.25933714142577,5.280048632774956,5.002766408100034,5.005146789561341,4.955214725441681,4.985155928222495,5.044155620275038,5.048761853796945,5.021410156781533,4.989412366887776,4.825066953363085,4.876278549611555,4.912003498288687,4.907646250746659,4.890713378331752,4.86485971241121,6.859632184408897,6.859632184408897,6.842945895141468,6.842945895141468,6.859632184408897,6.876131578510956,6.736728094632191,6.736728094632191,6.755020534469034,6.736728094632191,6.736728094632191,6.720960409371957,3.883365860368303,3.947407977634454,3.8434079285625797,4.000432081102903,3.8253000122971477,3.9297791210043775,6.416186075839915,6.425899435761419,6.435364518340919,6.395584169270774,6.4060251713222165,1.0462716933349032,2.3346375098435185e-05
TNNC2,2.827492676712338,2.959980575692669,2.712695389211214,2.9168870228616584,2.7185894205820507,4.86279042068258,4.839990472981644,2.9422684106492722,2.9402873939311216,2.897235975585149,2.8687670456101144,2.9329396164306707,2.8950205385663947,2.8127983949596636,2.829431091018132,3.1611463034426293,3.187057317360586,4.326058267525478,6.0003483843703425,2.151515060251146,2.5198832683472174,3.7531675889711567,3.7770591396281104,2.6335878870975633,2.766574972620174,2.677014597501756,2.5663125182359616,2.7397854272926554,2.6675536705056655,2.8549732735294464,2.5377046175443074,2.8608313610807277,3.034400475557833,2.814830849041923,2.989686174512541,4.3775988019552425,3.9050475870767434,4.72156745429119,4.890713378331752,2.7722846448816556,2.9020335843348457,1.4524134290653197,1.3137076556561293,4.008988295519009,4.242302815551946,4.395016789362905,4.3603854016467505,4.623314434107942,4.804976078943369,5.765257165319896,5.785463378750807,5.765257165319896,5.770487938619016,5.751132776036956,5.7466695513727695,2.876794545902534,2.8909702784954963,2.9519450972012864,2.8804062874891394,2.9108724437739633,2.913758129745839,3.8449343518648607,3.900977765482849,3.900977765482849,3.857299777373647,3.919272155973283,3.846395703519771,2.570000056616826,2.5947140423831154,2.5717630169930366,2.535169088193716,2.523837783663212,2.564463434259437,2.869036127637308,2.869291085019337,2.917458890577141,2.8234237007591263,2.7683394710351403,2.8586625532278216,3.6717144078810633,3.640279997417697,3.3586195690491465,3.305154911302721,3.400011132028925,3.352184556999162,3.3444801304635265,3.387605085945724,3.6877411534504665,3.6676517701513403,3.6955498980404897,3.612511171690109,3.6308475986027173,3.691621343290746,1.4283782607866862,1.2831934753665644,1.2305149692158737,1.229983029429583,1.4666783816841167,1.3431494462663733,1.2605851550047498,1.1159836028978471,1.2677500991590698,1.2727294923249695,1.2780638607159294,1.34389817302706,3.8541796176230867,3.877851204906419,3.8348697118351236,3.8478870531485145,3.908228536922402,3.8841196579898116,2.6526680965353115,2.6845610001185882,2.7600631241272806,2.6713278621536647,2.70762008041249,-1.0715925211056616,2.6290351210617576e-08
TNNI1,6.307183935212503,6.274377091106533,6.266492293860044,6.1853849250354545,6.385181880230676,7.083724372355754,7.083724372355754,6.140348077002792,6.1478225770841926,6.452598039727184,6.395584169270774,6.4060251713222165,6.385181880230676,6.049940672588604,6.030786737841673,5.909838498306288,5.863469307528206,6.630314854565802,7.152423551938552,5.091841239998375,5.498428950311763,5.732203243787073,5.737197383745759,5.8531166836452275,5.78089817647614,5.70320031232875,5.646049830281742,5.6791166723490365,5.646049830281742,5.888975538949914,5.666200225242084,6.006200929726427,6.025337751482054,6.075052632407911,6.121640487955031,6.859632184408897,6.48183466831864,6.990901640956682,6.990901640956682,6.0628570043531465,6.096142916308906,2.1005930114522426,1.932510861143972,6.435364518340919,6.435364518340919,7.051001280787905,6.773083938991792,6.859632184408897,7.051001280787905,7.051001280787905,7.067469173050328,7.067469173050328,7.051001280787905,7.067469173050328,7.067469173050328,6.6533411171622046,6.6533411171622046,6.664237395542679,6.664237395542679,6.6533411171622046,6.664237395542679,6.2399155467995016,6.29866866845098,6.2399155467995016,6.222845563607879,6.266492293860044,6.249876442537296,5.741941241360713,5.7899855786141,5.716844619497695,5.7555751516536215,5.722023083269782,5.727155169395165,5.794434077310215,5.847914149562382,5.785463378750807,5.794434077310215,5.836450655230198,5.7899855786141,5.611127164107131,5.654300394398965,5.670414267157846,5.615497704912863,5.611127164107131,5.611127164107131,5.662034761436967,5.611127164107131,5.683314338812852,5.670414267157846,5.606659336573179,5.632769005157184,5.654300394398965,5.637255297736269,1.889764955078471,1.9591201475271824,1.9535011372781923,2.0105155307516642,1.952882983110147,2.0832047426904716,1.8501529951580813,1.7617166302137486,1.9193175539704155,1.8368009605513171,1.9035707346315869,1.8089367868618627,7.099767226372119,7.099767226372119,7.099767226372119,7.099767226372119,7.083724372355754,7.099767226372119,6.012227439310821,6.012227439310821,6.043031793150374,6.05646925995582,6.018842477797694,-1.039100298100661,0.0001660940241035878
TNNT2,6.462682784617284,6.4993400737738325,6.425899435761419,6.490788462018534,6.4993400737738325,7.186112534282354,7.186112534282354,6.1478225770841926,6.1853849250354545,6.274377091106533,6.29866866845098,6.29866866845098,6.333572549622422,6.155421075695594,6.177962513021841,5.751132776036956,5.775900152535123,7.004559596590804,7.083724372355754,5.461669009663473,5.641726065211878,5.785463378750807,5.8089509130766865,5.898512243407629,5.863469307528206,5.926443432016952,5.915416428082137,5.915416428082137,5.932572970840951,5.932572970840951,5.670414267157846,6.030786737841673,6.121640487955031,6.03621522106978,6.155421075695594,6.990901640956682,6.258541429833156,7.116385952480084,7.083724372355754,5.948011487842464,6.03621522106978,2.2212334362577675,1.9714466909960318,6.352848670659185,6.266492293860044,7.152423551938552,6.808872524241993,7.019609277975541,7.019609277975541,6.936397685427865,6.936397685427865,6.908021811335766,6.923037263744436,6.949707318594958,6.923037263744436,6.808872524241993,6.808872524241993,6.808872524241993,6.826070261682721,6.808872524241993,6.826070261682721,6.266492293860044,6.282195389172798,6.266492293860044,6.266492293860044,6.2399155467995016,6.230370067426352,5.751132776036956,5.798963167911016,5.775900152535123,5.770487938619016,5.770487938619016,5.741941241360713,5.785463378750807,5.765257165319896,5.798963167911016,5.7555751516536215,5.78089817647614,5.775900152535123,5.699336146900393,5.712015701045539,5.830551087123482,5.818989106383537,5.813978722477329,5.868607069828138,5.868607069828138,5.873676612551969,5.883862356076007,5.868607069828138,5.909838498306288,5.878730986643486,5.888975538949914,5.863469307528206,2.0626486356187295,2.071814925966477,2.1293173014655644,2.091714168755352,2.023693460672329,2.1392542099364977,1.9661083447880436,1.9458164874094734,1.9480068828809072,1.9629250012912207,1.9337745043838586,1.990957316621073,6.949707318594958,6.963482787205277,6.936397685427865,6.949707318594958,6.949707318594958,6.963482787205277,6.043031793150374,5.994458431765711,6.012227439310821,5.988535062850548,6.025337751482054,-1.0379718438155692,0.00012113663113729778
TNNT3,4.751623385996215,4.765071149666741,4.58469253578739,4.72156745429119,4.747883308653211,6.081643662022185,6.043031793150374,4.256111825113803,4.260569610826086,4.302358694278788,4.283775511807876,4.334814467237213,4.356794457094128,4.178240294175214,4.1856320493981425,3.859260846501766,3.7899911392382477,5.409349091954693,6.619066761653085,3.1396362284429644,3.5681918362678102,4.310537126710767,4.326058267525478,3.7955044839721066,3.761742704673421,3.8089586056799876,3.7974245936819995,3.8565293101031997,3.942911184498408,3.7499262053864437,4.043496430704989,4.048950290557066,4.191660885159612,3.994998704001404,4.198489016677594,5.35876824289729,4.9404719380580175,5.898512243407629,5.770487938619016,3.9623484487501006,4.096938594217781,1.5372221313124816,1.4180596705577035,5.072155755072184,5.03895551945337,5.847914149562382,5.3072513594582675,5.699336146900393,5.873676612551969,6.012227439310821,6.018842477797694,6.03621522106978,6.03621522106978,6.0003483843703425,6.06903106909434,5.060487182526647,5.1381855283961935,5.086596341807957,5.104403921506937,5.069816863714142,5.0464605753817215,5.005146789561341,4.959474546304208,4.983077859594903,4.951166770752349,4.977391966256448,4.985155928222495,4.10742169882286,4.0949658240280735,4.04059283697155,4.122660324294818,4.061777792242795,4.058179473119712,4.389903969566211,4.407899830968592,4.367583964223637,4.333564748115117,4.361528966523098,4.338763580968353,4.379985090511713,4.333564748115117,4.19588614053557,4.1419008171058325,4.1856320493981425,4.153137653059806,4.159795686912373,4.1419008171058325,4.282636591348882,4.217192244675033,4.296677548826918,4.279319595169506,4.298900978416034,4.313030069772164,1.5665601145373207,1.4425601759423072,1.4404604415459459,1.4305388510261863,1.5552916223565172,1.4536426011318606,1.4384716897831873,1.4330309542050175,1.390447468554554,1.4571856040570943,1.4976758946560182,1.3515410811389736,5.982968697790078,6.012227439310821,6.0003483843703425,6.030786737841673,6.006200929726427,6.025337751482054,4.332414163796773,4.322428374656039,4.350799146669982,4.304755308367626,4.313030069772164,-1.053854516994813,5.814693141083925e-06
TTN,6.977127964849303,6.963482787205277,7.051001280787905,7.019609277975541,7.004559596590804,7.404263957137088,7.430483064682522,6.374825988126491,6.374825988126491,6.569880968351775,6.579656853203244,6.48183466831864,6.462682784617284,6.364142322304642,6.416186075839915,6.579656853203244,6.516644570514123,7.260288132601916,7.430483064682522,5.0464605753817215,5.966954611197864,6.507695179293773,6.507695179293773,5.982968697790078,6.127447034491253,5.920788445931855,5.977882205465918,5.966954611197864,6.352848670659185,6.018842477797694,5.794434077310215,6.842945895141468,6.642067214540647,6.720960409371957,6.664237395542679,7.169366376586491,6.773083938991792,7.260288132601916,7.260288132601916,6.490788462018534,6.425899435761419,2.790162824972084,2.7881832726351026,6.949707318594958,7.067469173050328,7.430483064682522,7.186112534282354,7.368628828700875,7.284730314730296,7.430483064682522,7.430483064682522,7.430483064682522,7.430483064682522,7.430483064682522,7.430483064682522,7.169366376586491,7.169366376586491,7.169366376586491,7.169366376586491,7.169366376586491,7.169366376586491,7.083724372355754,7.083724372355754,7.083724372355754,7.083724372355754,7.083724372355754,7.083724372355754,6.043031793150374,6.06903106909434,6.081643662022185,6.006200929726427,6.155421075695594,6.133218356982567,5.8937749811805205,5.824710870795868,5.858301437001052,5.873676612551969,5.798963167911016,5.863469307528206,6.472697524067467,6.526081739564961,6.589654064485165,6.589654064485165,6.599582476179484,6.569880968351775,6.579656853203244,6.589654064485165,6.579656853203244,6.6093624078365805,6.579656853203244,6.569880968351775,6.579656853203244,6.548548633396221,2.6560885591680448,2.8308934973779523,2.610958793937701,2.668193523263213,2.6240936985961585,2.6137699121111835,2.5191041379817825,2.5257454765914034,2.562263578058026,2.5431095422679504,2.475639228737942,2.552691472343044,7.368628828700875,7.368628828700875,7.368628828700875,7.368628828700875,7.368628828700875,7.368628828700875,6.030786737841673,6.006200929726427,6.006200929726427,6.006200929726427,6.006200929726427,-1.1438355973235197,1.2447996999636047e-05
XIST,1.5645578843192456,1.552003403197909,1.5284842281005615,1.7038930292255363,1.4659828027871753,1.0922682980596243,1.34684163924133,1.5700096378524422,1.3286391046592916,1.5652666396543493,1.6377518436392284,1.4551865709492282,1.0839703752751217,5.751132776036956,5.803965683593351,1.218467132762972,1.5804549724689718,6.121640487955031,5.920788445931855,5.422928746450279,5.722023083269782,1.8302873640801696,1.7134180139326616,5.4124666724850625,5.271087944381502,5.247134665426546,5.385164949632167,5.355607211320855,5.29193208046422,5.39522311436225,1.6967024895363074,5.926443432016952,5.8089509130766865,5.994458431765711,5.926443432016952,5.977882205465918,5.977882205465918,6.096142916308906,5.7899855786141,5.982968697790078,5.830551087123482,5.687499827168327,5.695445031191894,6.102888084365674,6.1478225770841926,1.5665601145373207,6.2399155467995016,6.443985789965422,6.4060251713222165,0.9986249080590123,1.007820046090179,0.9119965848423749,1.2313850623543519,1.732341268357031,1.5924407590554934,1.5180714101288202,1.4954271376919592,1.6305901137969292,1.5061417372491828,1.8394492228917254,1.7929481127580327,6.192992128206765,6.2079335801515825,6.215288389632821,6.2079335801515825,6.230370067426352,6.2079335801515825,1.148647267504053,0.9872633458084302,1.2158005681228765,1.2631528241307695,1.7022858118534654,1.629853571147601,0.8456631350239151,1.4971907736660777,1.152885088757214,1.4613096672740085,1.5536996880202867,1.5223731941068335,1.59394993029154,1.2062784345820088,1.6234578452242818,1.5021724259261366,1.7002611393423783,1.488720669323197,1.208500511934528,1.2375400711347675,1.1990526759090279,1.5958109105678464,1.6274699490451334,1.205330148076621,1.1938578822738157,1.3404828146316146,5.548656144036122,5.465200434987448,5.552015033389125,5.552015033389125,5.55539712125607,5.426431543434239,5.8531166836452275,5.943159976459593,5.909838498306288,5.904019873570315,5.868607069828138,5.873676612551969,6.215288389632821,6.222845563607879,6.2399155467995016,6.282195389172798,6.266492293860044,6.222845563607879,1.1290944531018348,1.2027095104076366,1.5419041299162177,1.2768030060468383,1.5174570251203183,1.9260597396722114,1.4604117898662226e-06
